Label (Grouping),Total:,Total:!!Population of one race:,Total:!!Population of one race:!!White alone,Total:!!Population of one race:!!Black or African American alone,Total:!!Population of one race:!!American Indian and Alaska Native alone,Total:!!Population of one race:!!Asian alone,Total:!!Population of one race:!!Native Hawaiian and Other Pacific Islander alone,Total:!!Population of one race:!!Some Other Race alone,Total:!!Population of two or more races:,Total:!!Population of two or more races:!!Population of two races:,Total:!!Population of two or more races:!!Population of two races:!!White; Black or African American,Total:!!Population of two or more races:!!Population of two races:!!White; American Indian and Alaska Native,Total:!!Population of two or more races:!!Population of two races:!!White; Asian,Total:!!Population of two or more races:!!Population of two races:!!White; Native Hawaiian and Other Pacific Islander,Total:!!Population of two or more races:!!Population of two races:!!White; Some Other Race,Total:!!Population of two or more races:!!Population of two races:!!Black or African American; American Indian and Alaska Native,Total:!!Population of two or more races:!!Population of two races:!!Black or African American; Asian,Total:!!Population of two or more races:!!Population of two races:!!Black or African American; Native Hawaiian and Other Pacific Islander,Total:!!Population of two or more races:!!Population of two races:!!Black or African American; Some Other Race,Total:!!Population of two or more races:!!Population of two races:!!American Indian and Alaska Native; Asian,Total:!!Population of two or more races:!!Population of two races:!!American Indian and Alaska Native; Native Hawaiian and Other Pacific Islander,Total:!!Population of two or more races:!!Population of two races:!!American Indian and Alaska Native; Some Other Race,Total:!!Population of two or more races:!!Population of two races:!!Asian; Native Hawaiian and Other Pacific Islander,Total:!!Population of two or more races:!!Population of two races:!!Asian; Some Other Race,Total:!!Population of two or more races:!!Population of two races:!!Native Hawaiian and Other Pacific Islander; Some Other Race,Total:!!Population of two or more races:!!Population of three races:,Total:!!Population of two or more races:!!Population of three races:!!White; Black or African American; American Indian and Alaska Native,Total:!!Population of two or more races:!!Population of three races:!!White; Black or African American; Asian,Total:!!Population of two or more races:!!Population of three races:!!White; Black or African American; Native Hawaiian and Other Pacific Islander,Total:!!Population of two or more races:!!Population of three races:!!White; Black or African American; Some Other Race,Total:!!Population of two or more races:!!Population of three races:!!White; American Indian and Alaska Native; Asian,Total:!!Population of two or more races:!!Population of three races:!!White; American Indian and Alaska Native; Native Hawaiian and Other Pacific Islander,Total:!!Population of two or more races:!!Population of three races:!!White; American Indian and Alaska Native; Some Other Race,Total:!!Population of two or more races:!!Population of three races:!!White; Asian; Native Hawaiian and Other Pacific Islander,Total:!!Population of two or more races:!!Population of three races:!!White; Asian; Some Other Race,Total:!!Population of two or more races:!!Population of three races:!!White; Native Hawaiian and Other Pacific Islander; Some Other Race,Total:!!Population of two or more races:!!Population of three races:!!Black or African American; American Indian and Alaska Native; Asian,Total:!!Population of two or more races:!!Population of three races:!!Black or African American; American Indian and Alaska Native; Native Hawaiian and Other Pacific Islander,Total:!!Population of two or more races:!!Population of three races:!!Black or African American; American Indian and Alaska Native; Some Other Race,Total:!!Population of two or more races:!!Population of three races:!!Black or African American; Asian; Native Hawaiian and Other Pacific Islander,Total:!!Population of two or more races:!!Population of three races:!!Black or African American; Asian; Some Other Race,Total:!!Population of two or more races:!!Population of three races:!!Black or African American; Native Hawaiian and Other Pacific Islander; Some Other Race,Total:!!Population of two or more races:!!Population of three races:!!American Indian and Alaska Native; Asian; Native Hawaiian and Other Pacific Islander,Total:!!Population of two or more races:!!Population of three races:!!American Indian and Alaska Native; Asian; Some Other Race,Total:!!Population of two or more races:!!Population of three races:!!American Indian and Alaska Native; Native Hawaiian and Other Pacific Islander; Some Other Race,Total:!!Population of two or more races:!!Population of three races:!!Asian; Native Hawaiian and Other Pacific Islander; Some Other Race,Total:!!Population of two or more races:!!Population of four races:,Total:!!Population of two or more races:!!Population of four races:!!White; Black or African American; American Indian and Alaska Native; Asian,Total:!!Population of two or more races:!!Population of four races:!!White; Black or African American; American Indian and Alaska Native; Native Hawaiian and Other Pacific Islander,Total:!!Population of two or more races:!!Population of four races:!!White; Black or African American; American Indian and Alaska Native; Some Other Race,Total:!!Population of two or more races:!!Population of four races:!!White; Black or African American; Asian; Native Hawaiian and Other Pacific Islander,Total:!!Population of two or more races:!!Population of four races:!!White; Black or African American; Asian; Some Other Race,Total:!!Population of two or more races:!!Population of four races:!!White; Black or African American; Native Hawaiian and Other Pacific Islander; Some Other Race,Total:!!Population of two or more races:!!Population of four races:!!White; American Indian and Alaska Native; Asian; Native Hawaiian and Other Pacific Islander,Total:!!Population of two or more races:!!Population of four races:!!White; American Indian and Alaska Native; Asian; Some Other Race,Total:!!Population of two or more races:!!Population of four races:!!White; American Indian and Alaska Native; Native Hawaiian and Other Pacific Islander; Some Other Race,Total:!!Population of two or more races:!!Population of four races:!!White; Asian; Native Hawaiian and Other Pacific Islander; Some Other Race,Total:!!Population of two or more races:!!Population of four races:!!Black or African American; American Indian and Alaska Native; Asian; Native Hawaiian and Other Pacific Islander,Total:!!Population of two or more races:!!Population of four races:!!Black or African American; American Indian and Alaska Native; Asian; Some Other Race,Total:!!Population of two or more races:!!Population of four races:!!Black or African American; American Indian and Alaska Native; Native Hawaiian and Other Pacific Islander; Some Other Race,Total:!!Population of two or more races:!!Population of four races:!!Black or African American; Asian; Native Hawaiian and Other Pacific Islander; Some Other Race,Total:!!Population of two or more races:!!Population of four races:!!American Indian and Alaska Native; Asian; Native Hawaiian and Other Pacific Islander; Some Other Race,Total:!!Population of two or more races:!!Population of five races:,Total:!!Population of two or more races:!!Population of five races:!!White; Black or African American; American Indian and Alaska Native; Asian; Native Hawaiian and Other Pacific Islander,Total:!!Population of two or more races:!!Population of five races:!!White; Black or African American; American Indian and Alaska Native; Asian; Some Other Race,Total:!!Population of two or more races:!!Population of five races:!!White; Black or African American; American Indian and Alaska Native; Native Hawaiian and Other Pacific Islander; Some Other Race,Total:!!Population of two or more races:!!Population of five races:!!White; Black or African American; Asian; Native Hawaiian and Other Pacific Islander; Some Other Race,Total:!!Population of two or more races:!!Population of five races:!!White; American Indian and Alaska Native; Asian; Native Hawaiian and Other Pacific Islander; Some Other Race,Total:!!Population of two or more races:!!Population of five races:!!Black or African American; American Indian and Alaska Native; Asian; Native Hawaiian and Other Pacific Islander; Some Other Race,Total:!!Population of two or more races:!!Population of six races:,Total:!!Population of two or more races:!!Population of six races:!!White; Black or African American; American Indian and Alaska Native; Asian; Native Hawaiian and Other Pacific Islander; Some Other Race
Alabama,,,,,,,,,,,,,,,,,,,,,,,,,,,,,,,,,,,,,,,,,,,,,,,,,,,,,,,,,,,,,,,,,,,,,,,
    Alabama,"5,024,279","4,767,326","3,220,452","1,296,162","33,625","76,660","2,984","137,443","256,953","243,473","45,429","79,559","18,510","1,449","80,617","6,301","2,049",492,"5,421",266,77,"1,941",567,562,233,"12,093","4,493",972,172,"1,441",912,138,"2,194",681,429,78,124,13,146,145,86,27,12,6,7,17,"1,191",304,64,516,80,47,4,35,48,7,25,31,7,4,15,4,187,89,78,13,0,5,2,9,9
Alaska,,,,,,,,,,,,,,,,,,,,,,,,,,,,,,,,,,,,,,,,,,,,,,,,,,,,,,,,,,,,,,,,,,,,,,,
    Alaska,"733,391","643,867","435,392","21,898","111,575","44,032","12,698","18,272","89,524","81,221","5,987","38,129","9,815","1,599","17,735","2,039",547,319,948,"1,215",607,622,"1,349",255,55,"7,371","1,988",402,121,361,"1,795",344,878,837,204,31,80,31,41,58,21,15,90,28,15,31,822,206,47,160,47,17,13,217,49,7,36,4,3,0,5,11,97,44,29,4,4,14,2,13,13
Arizona,,,,,,,,,,,,,,,,,,,,,,,,,,,,,,,,,,,,,,,,,,,,,,,,,,,,,,,,,,,,,,,,,,,,,,,
    Arizona,"7,151,502","6,154,696","4,322,337","339,150","319,512","257,430","16,397","899,870","996,806","948,897","60,610","84,795","62,979","7,025","687,131","7,977","4,322",864,"11,926","1,492",570,"10,400","4,226","3,696",884,"43,514","7,360","3,178",518,"5,839","2,296",428,"13,994","3,924","3,882",457,254,87,479,218,190,49,117,111,36,97,"3,885",732,115,"1,450",225,246,35,299,410,50,217,35,27,13,13,18,440,174,215,12,7,28,4,70,70
Arkansas,,,,,,,,,,,,,,,,,,,,,,,,,,,,,,,,,,,,,,,,,,,,,,,,,,,,,,,,,,,,,,,,,,,,,,,
    Arkansas,"3,011,524","2,797,949","2,114,512","453,783","27,177","51,839","14,533","136,105","213,575","203,299","28,910","76,042","11,859","1,281","75,317","3,149",865,214,"2,817",199,101,"1,347",502,522,174,"9,447","3,600",466,101,"1,050",831,104,"2,079",441,358,73,63,9,134,81,22,2,8,11,0,14,699,183,33,299,14,19,0,51,47,14,13,7,7,4,8,0,118,60,38,2,15,2,1,12,12
California,,,,,,,,,,,,,,,,,,,,,,,,,,,,,,,,,,,,,,,,,,,,,,,,,,,,,,,,,,,,,,,,,,,,,,,
    California,"39,538,223","33,777,988","16,296,122","2,237,044","631,016","6,085,947","157,263","8,370,596","5,760,235","5,380,042","257,897","384,596","624,936","45,390","3,626,370","37,342","51,784","8,765","88,929","13,189","2,563","113,787","51,357","61,163","11,974","341,027","41,343","24,099","3,338","32,938","22,082","3,308","119,441","31,003","42,261","4,250","2,582",555,"3,381","2,638","2,603",606,960,"1,465",316,"1,858","34,609","6,504",981,"11,879","1,951","2,736",336,"2,531","4,290",421,"2,082",260,282,77,170,109,"4,107","1,345","2,002",236,208,284,32,450,450
Colorado,,,,,,,,,,,,,,,,,,,,,,,,,,,,,,,,,,,,,,,,,,,,,,,,,,,,,,,,,,,,,,,,,,,,,,,
    Colorado,"5,773,714","5,066,044","4,082,927","234,828","74,129","199,827","10,287","464,046","707,670","665,645","48,200","91,231","63,039","4,943","426,665","5,076","3,636",611,"7,619",851,218,"8,397","2,431","2,183",545,"38,117","6,940","2,747",337,"4,070","2,331",325,"14,157","3,105","2,553",331,265,63,348,170,129,25,68,72,14,67,"3,437",688,136,"1,346",188,241,34,282,300,39,131,20,7,13,2,10,423,195,152,30,10,31,5,48,48
Connecticut,,,,,,,,,,,,,,,,,,,,,,,,,,,,,,,,,,,,,,,,,,,,,,,,,,,,,,,,,,,,,,,,,,,,,,,
    Connecticut,"3,605,944","3,273,040","2,395,128","388,675","16,051","172,455","1,598","299,133","332,904","313,228","36,315","25,191","24,100",853,"191,978","4,947","2,021",469,"20,121",356,87,"3,197",639,"1,839","1,115","16,883","4,629","1,111",75,"5,315",449,36,"2,516",462,975,119,152,20,641,35,177,49,8,36,21,57,"2,583",310,62,"1,879",45,130,18,39,54,5,19,10,5,0,6,1,185,76,87,8,2,11,1,25,25
Delaware,,,,,,,,,,,,,,,,,,,,,,,,,,,,,,,,,,,,,,,,,,,,,,,,,,,,,,,,,,,,,,,,,,,,,,,
    Delaware,"989,948","913,430","597,763","218,899","5,148","42,699",412,"48,509","76,518","71,461","14,610","9,586","5,480",310,"32,669","2,662",911,147,"3,811",107,12,613,132,310,101,"4,488","1,842",434,25,841,177,31,546,160,157,27,74,29,88,26,10,2,4,4,0,11,522,123,8,272,18,24,16,10,9,0,13,4,4,0,17,4,42,11,19,0,12,0,0,5,5
District of Columbia,,,,,,,,,,,,,,,,,,,,,,,,,,,,,,,,,,,,,,,,,,,,,,,,,,,,,,,,,,,,,,,,,,,,,,,
    District of Columbia,"689,545","633,468","273,194","285,810","3,193","33,545",432,"37,294","56,077","51,147","7,543","2,212","8,646",247,"23,425","2,334","1,340",112,"3,856",70,20,767,190,300,85,"4,262","1,379",394,23,792,88,3,781,153,273,15,63,39,127,32,49,27,2,0,4,18,613,129,8,354,14,51,1,1,21,3,16,9,3,0,3,0,51,20,18,0,4,4,5,4,4
Florida,,,,,,,,,,,,,,,,,,,,,,,,,,,,,,,,,,,,,,,,,,,,,,,,,,,,,,,,,,,,,,,,,,,,,,,
    Florida,"21,538,187","17,986,115","12,422,961","3,246,381","94,795","643,682","14,014","1,564,282","3,552,072","3,428,042","200,545","192,576","122,838","7,435","2,694,902","19,086","20,991","4,320","127,918","1,859",393,"14,987","4,389","11,730","4,073","106,458","19,129","9,588",862,"32,695","4,204",537,"18,348","3,696","9,942",854,541,132,"2,680",826,"1,589",322,93,177,35,208,"16,177","1,800",244,"10,372",344,"1,751",137,296,547,63,271,81,118,14,116,23,"1,263",353,719,90,40,25,36,132,132
Georgia,,,,,,,,,,,,,,,,,,,,,,,,,,,,,,,,,,,,,,,,,,,,,,,,,,,,,,,,,,,,,,,,,,,,,,,
    Georgia,"10,711,908","9,968,000","5,555,483","3,320,513","50,618","479,028","7,299","555,059","743,908","698,142","115,782","106,685","55,138","3,094","333,782","19,655","11,481","1,812","36,334","1,007",147,"7,360","1,680","3,398",787,"40,179","13,019","4,196",462,"7,178","1,892",242,"6,817","1,473","1,931",185,490,101,"1,017",397,504,110,40,42,6,77,"4,971","1,173",159,"2,453",154,352,40,176,191,30,71,61,40,13,56,2,551,193,270,22,11,22,33,65,65
Hawaii,,,,,,,,,,,,,,,,,,,,,,,,,,,,,,,,,,,,,,,,,,,,,,,,,,,,,,,,,,,,,,,,,,,,,,,
    Hawaii,"1,455,271","1,087,142","333,261","23,417","4,370","541,902","157,445","26,747","368,129","231,504","5,615","11,279","71,907","34,670","20,218",800,"2,779","1,736",929,"1,010",930,439,"75,347","2,842","1,003","118,847","1,511","1,433",911,576,"4,244","2,019","1,147","99,170","2,728","1,076",218,99,67,"1,245",83,32,"1,177",53,16,"1,042","15,969",666,302,340,"2,156",116,62,"8,521",310,83,"3,112",216,24,3,44,14,"1,733",998,138,25,139,406,27,76,76
Idaho,,,,,,,,,,,,,,,,,,,,,,,,,,,,,,,,,,,,,,,,,,,,,,,,,,,,,,,,,,,,,,,,,,,,,,,
    Idaho,"1,839,106","1,685,901","1,510,360","15,726","25,621","26,836","3,726","103,632","153,205","145,443","7,906","32,995","15,980","2,696","81,703",433,236,85,625,203,104,"1,365",591,384,137,"6,992","1,022",330,85,575,693,162,"2,248","1,156",494,109,14,6,29,8,16,3,18,3,5,16,649,100,27,180,48,27,6,109,46,10,45,22,13,0,7,9,82,38,18,12,6,5,3,39,39
Illinois,,,,,,,,,,,,,,,,,,,,,,,,,,,,,,,,,,,,,,,,,,,,,,,,,,,,,,,,,,,,,,,,,,,,,,,
    Illinois,"12,812,508","11,667,524","7,868,227","1,808,271","96,498","754,878","4,501","1,135,149","1,144,984","1,087,260","111,307","107,871","90,923","3,101","697,568","12,187","6,283",716,"23,028","1,470",168,"23,158","2,673","5,233","1,574","51,574","11,661","2,761",286,"8,170","2,026",187,"18,641","1,694","3,603",255,391,103,904,227,286,76,27,113,43,120,"5,396",963,122,"3,171",117,294,16,136,296,12,130,33,34,14,42,16,670,301,301,35,14,4,15,84,84
Indiana,,,,,,,,,,,,,,,,,,,,,,,,,,,,,,,,,,,,,,,,,,,,,,,,,,,,,,,,,,,,,,,,,,,,,,,
    Indiana,"6,785,528","6,348,802","5,241,795","648,513","26,086","167,959","3,137","261,312","436,726","414,856","81,420","90,589","31,442","2,300","184,637","4,870","2,177",381,"8,306",342,58,"2,919","3,589","1,443",383,"19,796","7,003","1,615",225,"3,161",968,177,"4,218",871,851,117,66,19,227,76,75,41,9,18,5,54,"1,784",430,91,835,59,67,17,80,77,20,40,27,12,1,15,13,262,149,80,16,7,2,8,28,28
Iowa,,,,,,,,,,,,,,,,,,,,,,,,,,,,,,,,,,,,,,,,,,,,,,,,,,,,,,,,,,,,,,,,,,,,,,,
    Iowa,"3,190,369","3,011,086","2,694,521","131,972","14,486","75,629","5,758","88,720","179,283","170,730","31,415","33,145","15,391","1,121","81,757","1,430",757,94,"1,860",180,40,"1,039","1,816",577,108,"7,817","2,828",596,135,"1,007",416,42,"1,561",529,350,62,52,13,76,68,45,12,11,5,4,5,609,140,42,237,24,34,16,36,41,4,19,3,0,0,7,6,111,60,29,3,6,2,11,16,16
Kansas,,,,,,,,,,,,,,,,,,,,,,,,,,,,,,,,,,,,,,,,,,,,,,,,,,,,,,,,,,,,,,,,,,,,,,,
    Kansas,"2,937,880","2,657,373","2,222,462","168,809","30,995","86,273","3,412","145,422","280,507","265,719","36,935","63,803","18,823","1,600","132,329","3,934","1,261",269,"2,927",246,71,"1,918",795,633,175,"13,554","4,878",979,163,"1,690",934,129,"2,994",714,570,66,90,36,163,49,34,14,12,16,0,23,"1,100",316,47,415,53,49,10,87,53,7,31,10,5,6,1,10,103,52,34,6,4,2,5,31,31
Kentucky,,,,,,,,,,,,,,,,,,,,,,,,,,,,,,,,,,,,,,,,,,,,,,,,,,,,,,,,,,,,,,,,,,,,,,,
    Kentucky,"4,505,836","4,260,996","3,711,254","362,417","12,801","74,426","3,681","96,417","244,840","232,500","55,381","66,051","17,238","1,449","78,941","2,750","1,258",335,"5,572",185,51,"1,140","1,366",600,183,"11,103","4,202","1,014",165,"1,561",723,117,"1,892",544,450,70,74,23,115,71,27,6,9,12,6,22,"1,068",274,49,421,66,68,8,66,55,0,21,12,18,5,5,0,143,57,50,10,14,7,5,26,26
Louisiana,,,,,,,,,,,,,,,,,,,,,,,,,,,,,,,,,,,,,,,,,,,,,,,,,,,,,,,,,,,,,,,,,,,,,,,
    Louisiana,"4,657,757","4,384,380","2,657,652","1,464,023","31,657","86,438","1,911","142,699","273,377","255,214","43,631","50,194","17,001","1,278","116,354","7,332","2,323",419,"13,305",280,69,"1,601",504,660,263,"15,833","4,955",985,121,"2,995",840,117,"3,407",500,819,133,137,40,374,170,128,46,21,13,7,25,"2,083",339,46,"1,250",64,67,30,58,82,8,27,38,21,1,47,5,214,82,95,3,11,15,8,33,33
Maine,,,,,,,,,,,,,,,,,,,,,,,,,,,,,,,,,,,,,,,,,,,,,,,,,,,,,,,,,,,,,,,,,,,,,,,
    Maine,"1,362,359","1,297,649","1,237,041","25,752","7,885","16,798",443,"9,730","64,710","61,608","7,612","23,177","7,074",430,"21,646",272,163,41,651,86,16,141,153,123,23,"2,808",846,194,21,444,221,59,483,250,173,20,17,11,24,5,17,2,7,4,2,8,231,26,13,94,17,13,2,21,22,3,5,7,4,0,3,1,63,34,7,2,3,10,7,0,0
Maryland,,,,,,,,,,,,,,,,,,,,,,,,,,,,,,,,,,,,,,,,,,,,,,,,,,,,,,,,,,,,,,,,,,,,,,,
    Maryland,"6,177,224","5,695,323","3,007,874","1,820,472","31,845","420,944","3,247","410,941","481,901","444,556","78,371","48,367","55,237","1,985","194,761","15,874","9,381","1,117","25,559",810,112,"8,218","1,403","2,746",615,"32,617","11,071","3,651",330,"5,388","1,356",111,"5,477","1,158","1,944",138,418,96,592,210,444,82,26,67,20,38,"4,231","1,067",109,"2,187",111,316,35,92,173,29,32,19,33,5,19,4,439,181,200,23,25,1,9,58,58
Massachusetts,,,,,,,,,,,,,,,,,,,,,,,,,,,,,,,,,,,,,,,,,,,,,,,,,,,,,,,,,,,,,,,,,,,,,,,
    Massachusetts,"7,029,917","6,421,050","4,896,037","494,029","24,018","507,934","2,301","496,731","608,867","571,923","56,449","41,151","58,164","1,794","310,903","6,011","3,375",648,"80,988",633,109,"5,177",994,"3,405","2,122","32,278","6,372","1,794",160,"13,544",908,99,"4,085","1,030","1,849",204,185,22,"1,155",106,473,147,20,36,22,67,"4,310",443,49,"3,004",67,348,63,37,103,16,93,10,25,0,48,4,326,136,152,23,10,5,0,30,30
Michigan,,,,,,,,,,,,,,,,,,,,,,,,,,,,,,,,,,,,,,,,,,,,,,,,,,,,,,,,,,,,,,,,,,,,,,,
    Michigan,"10,077,331","9,442,016","7,444,974","1,376,579","61,261","334,300","3,051","221,851","635,315","599,811","115,790","145,036","60,656","2,906","240,916","12,023","3,871",566,"11,229",735,102,"2,792","1,108","1,732",349,"32,500","13,348","2,305",308,"4,441","1,797",244,"5,728","1,403","1,680",148,279,45,383,128,131,32,32,26,2,40,"2,609",699,131,"1,102",84,133,33,111,120,8,87,35,31,7,24,4,338,156,128,18,18,10,8,57,57
Minnesota,,,,,,,,,,,,,,,,,,,,,,,,,,,,,,,,,,,,,,,,,,,,,,,,,,,,,,,,,,,,,,,,,,,,,,,
    Minnesota,"5,706,494","5,360,773","4,423,146","398,434","68,641","299,190","2,918","168,444","345,721","324,275","57,953","65,819","45,265","1,882","133,575","5,029","2,674",313,"4,770",790,104,"2,660","1,477","1,609",355,"19,416","7,897","1,842",232,"2,123","1,247",144,"3,123","1,153",877,95,126,57,187,65,91,20,38,34,7,58,"1,755",441,71,763,70,158,9,103,65,1,24,21,18,5,6,0,244,91,116,13,15,4,5,31,31
Mississippi,,,,,,,,,,,,,,,,,,,,,,,,,,,,,,,,,,,,,,,,,,,,,,,,,,,,,,,,,,,,,,,,,,,,,,,
    Mississippi,"2,961,279","2,850,547","1,658,893","1,084,481","16,450","32,709","1,154","56,860","110,732","103,917","25,992","27,934","8,293",603,"31,331","3,877","1,149",273,"3,095",128,28,571,251,284,108,"5,995","2,320",496,63,735,411,58,991,221,246,30,75,21,134,92,60,4,7,8,2,21,676,172,54,253,21,28,4,44,14,5,9,11,16,7,36,2,119,47,38,17,8,0,9,25,25
Missouri,,,,,,,,,,,,,,,,,,,,,,,,,,,,,,,,,,,,,,,,,,,,,,,,,,,,,,,,,,,,,,,,,,,,,,,
    Missouri,"6,154,913","5,741,742","4,740,335","699,840","30,518","133,377","9,730","127,942","413,171","390,923","68,493","128,301","34,538","3,424","135,671","7,134","2,313",542,"6,030",352,98,"1,682","1,180",937,228,"20,344","7,562","1,634",313,"2,472","1,618",280,"3,723","1,129",764,165,154,46,236,101,54,16,23,15,1,38,"1,598",434,95,663,75,64,19,99,65,7,33,16,9,5,6,8,281,135,113,6,15,9,3,25,25
Montana,,,,,,,,,,,,,,,,,,,,,,,,,,,,,,,,,,,,,,,,,,,,,,,,,,,,,,,,,,,,,,,,,,,,,,,
    Montana,"1,084,225","1,012,950","916,524","5,484","67,612","8,300",941,"14,089","71,275","67,557","4,608","29,080","6,430",916,"24,502",623,140,30,211,202,96,322,274,101,22,"3,410",959,161,41,214,472,112,773,434,121,37,1,6,5,7,4,13,27,11,1,11,256,39,14,83,14,4,4,34,27,5,3,6,5,6,7,5,40,13,17,3,0,4,3,12,12
Nebraska,,,,,,,,,,,,,,,,,,,,,,,,,,,,,,,,,,,,,,,,,,,,,,,,,,,,,,,,,,,,,,,,,,,,,,,
    Nebraska,"1,961,504","1,817,341","1,538,052","96,535","23,102","52,951","1,534","105,167","144,163","136,456","19,503","23,079","12,180",826,"73,788","1,882",577,126,"1,607",167,42,"1,695",479,407,98,"6,979","2,328",523,81,795,393,52,"1,745",462,304,43,49,5,98,41,6,15,5,8,9,17,624,124,25,241,56,33,7,24,70,11,13,2,3,1,10,4,84,34,23,6,8,4,9,20,20
Nevada,,,,,,,,,,,,,,,,,,,,,,,,,,,,,,,,,,,,,,,,,,,,,,,,,,,,,,,,,,,,,,,,,,,,,,,
    Nevada,"3,104,614","2,670,605","1,588,463","304,739","43,932","272,703","25,011","435,757","434,009","400,557","34,520","36,364","45,769","6,098","239,236","4,265","5,716","1,613","9,242",738,262,"4,814","8,079","3,049",792,"29,850","4,309","2,794",575,"3,260","1,735",366,"5,503","6,574","2,393",361,260,86,328,535,256,80,106,73,16,240,"3,159",540,136,792,393,197,45,472,179,38,262,41,29,11,24,0,400,184,127,7,48,31,3,43,43
New Hampshire,,,,,,,,,,,,,,,,,,,,,,,,,,,,,,,,,,,,,,,,,,,,,,,,,,,,,,,,,,,,,,,,,,,,,,,
    New Hampshire,"1,377,529","1,299,787","1,216,203","20,127","3,031","35,871",453,"24,102","77,742","73,876","8,076","19,548","9,151",540,"33,530",322,180,64,"1,685",67,7,223,194,203,86,"3,465",992,334,29,735,260,28,559,191,178,36,1,24,39,17,16,4,2,11,3,6,338,43,3,200,11,20,1,15,18,2,9,3,1,2,9,1,59,26,11,14,0,3,5,4,4
New Jersey,,,,,,,,,,,,,,,,,,,,,,,,,,,,,,,,,,,,,,,,,,,,,,,,,,,,,,,,,,,,,,,,,,,,,,,
    New Jersey,"9,288,994","8,385,500","5,112,280","1,219,770","51,186","950,090","3,533","1,048,641","903,494","852,673","70,790","40,811","65,045","1,740","559,309","12,399","7,604","1,168","65,449","1,842",143,"14,030","2,097","7,251","2,995","43,150","10,254","2,929",217,"13,263","1,016",100,"7,374",967,"3,645",265,374,51,"1,323",139,734,113,30,158,56,142,"7,058",850,149,"4,730",79,633,62,46,244,26,112,18,39,13,38,19,546,157,310,22,17,29,11,67,67
New Mexico,,,,,,,,,,,,,,,,,,,,,,,,,,,,,,,,,,,,,,,,,,,,,,,,,,,,,,,,,,,,,,,,,,,,,,,
    New Mexico,"2,117,522","1,695,276","1,078,937","45,904","212,241","37,469","2,093","318,632","422,246","405,338","10,509","30,305","11,482","1,097","337,315","2,488",645,130,"3,049",643,214,"5,425",668,"1,063",305,"15,498","1,949",443,55,"1,807",737,131,"7,896",555,"1,226",171,58,21,171,35,54,13,31,60,35,50,"1,230",171,27,546,43,71,20,102,124,16,61,19,6,7,1,16,152,32,84,16,4,13,3,28,28
New York,,,,,,,,,,,,,,,,,,,,,,,,,,,,,,,,,,,,,,,,,,,,,,,,,,,,,,,,,,,,,,,,,,,,,,,
    New York,"20,201,249","18,433,786","11,143,349","2,986,172","149,690","1,933,127","10,815","2,210,633","1,767,463","1,649,229","175,686","113,950","148,927","3,890","840,481","31,562","21,450","3,274","226,733","5,958",564,"33,617","6,314","28,694","8,129","99,616","24,378","6,334",504,"31,594","2,154",258,"15,296","2,222","6,526",459,"1,059",171,"3,838",426,"2,558",476,145,548,156,514,"16,806","2,049",232,"11,366",252,"1,429",92,135,430,37,240,92,210,29,120,93,"1,623",555,873,99,26,25,45,189,189
North Carolina,,,,,,,,,,,,,,,,,,,,,,,,,,,,,,,,,,,,,,,,,,,,,,,,,,,,,,,,,,,,,,,,,,,,,,,
    North Carolina,"10,439,388","9,727,667","6,488,459","2,140,217","130,032","343,051","8,518","617,390","711,721","664,545","114,798","124,955","57,170","3,574","294,386","23,110","6,862","1,462","24,413",983,249,"7,175","1,842","2,749",817,"41,836","16,307","3,410",458,"6,524","2,035",261,"6,802","1,742","1,731",204,454,138,936,298,244,92,64,34,15,87,"4,728","1,102",153,"2,406",160,285,32,178,193,23,81,31,20,8,31,25,540,280,198,25,22,10,5,72,72
North Dakota,,,,,,,,,,,,,,,,,,,,,,,,,,,,,,,,,,,,,,,,,,,,,,,,,,,,,,,,,,,,,,,,,,,,,,,
    North Dakota,"779,094","737,154","645,938","26,783","38,914","13,213",924,"11,382","41,940","39,726","5,120","14,414","4,048",415,"13,753",600,251,39,394,98,50,225,183,70,66,"1,968",645,155,34,212,173,36,347,166,76,11,9,7,29,21,7,1,11,11,0,17,192,35,8,62,11,2,3,22,22,0,0,3,10,1,6,7,49,14,10,6,16,3,0,5,5
Ohio,,,,,,,,,,,,,,,,,,,,,,,,,,,,,,,,,,,,,,,,,,,,,,,,,,,,,,,,,,,,,,,,,,,,,,,
    Ohio,"11,799,448","11,118,076","9,080,688","1,478,781","30,720","298,509","5,034","224,344","681,372","638,388","157,685","157,622","59,329","3,367","217,778","12,938","4,679",811,"17,084",637,99,"2,590","1,312","1,861",596,"38,520","17,738","3,162",488,"5,720","1,974",243,"4,779","1,669","1,190",162,310,88,548,178,126,31,36,33,15,30,"3,942","1,049",231,"1,893",150,180,12,122,138,13,52,30,29,18,14,11,461,219,153,29,37,3,20,61,61
Oklahoma,,,,,,,,,,,,,,,,,,,,,,,,,,,,,,,,,,,,,,,,,,,,,,,,,,,,,,,,,,,,,,,,,,,,,,,
    Oklahoma,"3,959,353","3,451,195","2,514,885","289,961","332,791","90,949","8,608","214,001","508,158","476,591","46,341","251,170","21,338","2,100","124,450","19,104","1,726",420,"3,753",974,357,"3,132",824,665,237,"29,533","15,616","1,200",227,"1,956","2,926",426,"4,845",921,541,75,202,58,295,61,41,13,77,21,7,25,"1,846",460,105,778,74,72,5,181,82,13,32,13,10,5,15,1,167,107,42,5,6,1,6,21,21
Oregon,,,,,,,,,,,,,,,,,,,,,,,,,,,,,,,,,,,,,,,,,,,,,,,,,,,,,,,,,,,,,,,,,,,,,,,
    Oregon,"4,237,256","3,793,917","3,169,096","82,655","62,993","194,538","19,204","265,431","443,339","412,968","32,537","96,929","59,341","7,738","198,328","2,285","1,647",519,"2,794",805,332,"3,987","3,737","1,543",446,"27,366","5,185","1,771",382,"2,242","2,840",643,"6,714","4,854","1,724",271,141,63,159,101,66,20,75,37,3,75,"2,568",446,98,842,161,115,19,453,229,22,141,17,11,10,4,0,385,191,116,13,30,35,0,52,52
Pennsylvania,,,,,,,,,,,,,,,,,,,,,,,,,,,,,,,,,,,,,,,,,,,,,,,,,,,,,,,,,,,,,,,,,,,,,,,
    Pennsylvania,"13,002,700","12,228,216","9,750,687","1,423,169","31,052","510,501","4,276","508,531","774,484","726,012","136,716","107,274","69,760","3,360","337,578","14,495","6,188","1,025","36,170",858,164,"5,426","1,692","3,256","2,050","42,490","15,669","3,153",450,"9,963","1,483",225,"5,306","1,541","1,891",235,328,92,"1,289",195,348,124,22,55,45,76,"5,454","1,054",203,"3,296",118,316,55,96,119,27,71,26,42,0,26,5,435,195,195,22,15,4,4,93,93
Rhode Island,,,,,,,,,,,,,,,,,,,,,,,,,,,,,,,,,,,,,,,,,,,,,,,,,,,,,,,,,,,,,,,,,,,,,,,
    Rhode Island,"1,097,379","995,585","782,920","62,168","7,385","38,961",536,"103,615","101,794","93,292","9,960","8,317","7,009",333,"44,471","2,169",397,86,"18,100",98,32,"1,103",181,448,588,"7,427","1,773",286,47,"3,143",142,39,712,149,243,64,37,12,514,44,109,45,5,25,26,12,994,113,19,711,19,63,14,4,13,9,4,3,7,10,5,0,69,13,36,8,2,10,0,12,12
South Carolina,,,,,,,,,,,,,,,,,,,,,,,,,,,,,,,,,,,,,,,,,,,,,,,,,,,,,,,,,,,,,,,,,,,,,,,
    South Carolina,"5,118,425","4,820,049","3,243,442","1,280,531","24,303","90,466","3,431","177,876","298,376","280,801","57,455","62,074","23,180","1,651","112,478","7,924","2,859",554,"8,725",300,61,"1,688",774,790,288,"15,452","6,080","1,385",134,"2,280",928,125,"2,291",715,622,72,153,27,282,153,84,29,23,22,14,33,"1,775",364,70,821,110,101,17,112,57,18,42,21,14,3,18,7,292,125,113,15,19,14,6,56,56
South Dakota,,,,,,,,,,,,,,,,,,,,,,,,,,,,,,,,,,,,,,,,,,,,,,,,,,,,,,,,,,,,,,,,,,,,,,,
    South Dakota,"886,667","840,002","715,336","17,842","77,748","13,476",543,"15,057","46,665","44,190","5,575","17,783","3,699",385,"14,479",940,163,26,323,165,58,332,133,86,43,"2,228",839,126,28,186,219,62,415,163,56,30,27,5,32,8,1,8,13,3,4,3,202,21,11,65,17,8,10,29,11,9,4,0,5,0,7,5,44,15,7,4,4,11,3,1,1
Tennessee,,,,,,,,,,,,,,,,,,,,,,,,,,,,,,,,,,,,,,,,,,,,,,,,,,,,,,,,,,,,,,,,,,,,,,,
    Tennessee,"6,910,840","6,497,942","4,990,938","1,092,948","28,044","135,615","4,115","246,282","412,898","391,747","71,033","109,625","31,467","2,453","153,279","6,326","2,814",534,"8,615",347,104,"2,801",926,"1,082",341,"19,049","6,873","1,565",261,"2,599","1,380",210,"3,407","1,046",777,132,140,49,250,166,67,32,30,12,6,47,"1,832",466,82,770,79,113,12,112,83,16,36,25,6,8,16,8,250,107,108,12,14,5,4,20,20
Texas,,,,,,,,,,,,,,,,,,,,,,,,,,,,,,,,,,,,,,,,,,,,,,,,,,,,,,,,,,,,,,,,,,,,,,,
    Texas,"29,145,505","24,011,767","14,609,365","3,552,997","278,948","1,585,480","33,611","3,951,366","5,133,738","4,966,139","213,221","321,387","171,466","11,344","4,040,218","27,070","18,267","3,622","71,643","3,305",609,"55,559","10,559","14,549","3,320","151,394","24,321","8,301","1,030","25,806","6,421",883,"58,045","5,929","13,645","1,276",753,158,"2,157",775,821,201,105,316,106,345,"14,376","2,221",292,"7,383",511,"1,033",110,604,"1,316",115,490,101,88,5,73,34,"1,661",517,841,111,69,89,34,168,168
Utah,,,,,,,,,,,,,,,,,,,,,,,,,,,,,,,,,,,,,,,,,,,,,,,,,,,,,,,,,,,,,,,,,,,,,,,
    Utah,"3,271,616","2,992,603","2,573,413","40,058","41,644","80,438","36,930","220,120","279,013","261,893","17,096","31,850","32,648","12,766","155,296",888,744,651,"2,350",373,333,"3,090","2,303","1,054",451,"15,570","1,520",702,369,"1,373",774,378,"4,847","3,823",990,321,46,36,80,86,45,9,57,29,8,77,"1,368",125,52,533,123,58,6,207,115,35,77,11,7,8,1,10,174,54,63,17,4,31,5,8,8
Vermont,,,,,,,,,,,,,,,,,,,,,,,,,,,,,,,,,,,,,,,,,,,,,,,,,,,,,,,,,,,,,,,,,,,,,,,
    Vermont,"643,077","606,051","577,751","9,034","2,289","11,549",181,"5,247","37,026","35,154","3,637","13,105","3,882",203,"13,541",153,46,13,326,36,12,81,39,72,8,"1,656",575,92,27,283,132,21,276,81,79,24,5,7,9,10,9,4,4,3,4,11,169,41,6,72,14,6,1,6,6,4,2,4,2,1,4,0,41,19,13,0,1,6,2,6,6
Virginia,,,,,,,,,,,,,,,,,,,,,,,,,,,,,,,,,,,,,,,,,,,,,,,,,,,,,,,,,,,,,,,,,,,,,,,
    Virginia,"8,631,393","7,925,686","5,208,856","1,607,581","40,007","615,436","7,156","446,650","705,707","654,932","111,004","86,898","105,008","4,119","284,308","14,934","10,210","1,255","21,371",978,104,"6,852","3,176","4,062",653,"44,372","13,505","5,027",507,"6,748","2,483",238,"7,356","2,708","3,246",186,494,98,633,463,367,71,31,54,41,116,"5,685","1,326",157,"2,743",291,347,31,230,299,15,144,26,12,9,46,9,680,248,372,25,11,14,10,38,38
Washington,,,,,,,,,,,,,,,,,,,,,,,,,,,,,,,,,,,,,,,,,,,,,,,,,,,,,,,,,,,,,,,,,,,,,,,
    Washington,"7,705,281","6,868,622","5,130,920","307,565","121,468","730,596","64,933","513,140","836,659","770,116","82,193","138,919","147,299","15,706","333,489","6,570","8,676","2,243","7,734","2,803",893,"6,295","11,689","4,451","1,156","59,396","11,320","6,658","1,223","4,725","6,577","1,179","10,499","10,336","3,781",530,517,154,394,598,237,43,256,120,20,229,"6,331","1,422",257,"1,715",684,355,63,906,421,45,323,79,24,5,18,14,710,346,209,39,55,48,13,106,106
West Virginia,,,,,,,,,,,,,,,,,,,,,,,,,,,,,,,,,,,,,,,,,,,,,,,,,,,,,,,,,,,,,,,,,,,,,,,
    West Virginia,"1,793,716","1,708,772","1,610,749","65,813","3,706","15,109",476,"12,919","84,944","80,877","19,578","30,144","5,443",462,"22,475",774,262,72,"1,128",53,36,127,140,144,39,"3,702","1,701",297,67,463,260,44,480,193,89,28,20,4,17,13,7,0,7,2,6,4,303,65,9,109,31,10,4,32,12,3,7,4,9,2,5,1,47,21,25,0,0,0,1,15,15
Wisconsin,,,,,,,,,,,,,,,,,,,,,,,,,,,,,,,,,,,,,,,,,,,,,,,,,,,,,,,,,,,,,,,,,,,,,,,
    Wisconsin,"5,893,718","5,534,184","4,737,545","376,256","60,428","175,702","2,199","182,054","359,534","341,196","53,543","64,697","32,014","2,004","172,629","4,343","1,586",199,"5,261",467,102,"2,178",892,"1,011",270,"16,568","5,601","1,077",164,"2,606",818,133,"3,769",963,760,98,106,5,278,55,52,24,3,26,13,17,"1,606",348,46,880,55,57,17,43,85,22,29,5,16,1,2,0,151,72,55,8,5,4,7,13,13
Wyoming,,,,,,,,,,,,,,,,,,,,,,,,,,,,,,,,,,,,,,,,,,,,,,,,,,,,,,,,,,,,,,,,,,,,,,,
    Wyoming,"576,851","533,378","488,374","5,232","13,898","5,212",579,"20,083","43,473","41,250","3,059","11,482","3,108",481,"21,954",165,75,26,220,53,33,356,131,91,16,"2,024",375,120,35,145,161,43,692,232,117,23,10,2,33,2,12,6,4,11,0,1,163,35,9,32,12,3,13,21,12,9,9,4,3,1,0,0,33,11,14,2,0,4,2,3,3
Puerto Rico,,,,,,,,,,,,,,,,,,,,,,,,,,,,,,,,,,,,,,,,,,,,,,,,,,,,,,,,,,,,,,,,,,,,,,,
    Puerto Rico,"3,285,874","1,650,083","560,592","228,711","17,870","4,001",593,"838,316","1,635,791","1,539,017","24,479","2,586",755,191,"1,264,479","2,573",291,78,"226,074",149,56,"13,914",46,"1,075","2,271","63,117","9,846",196,11,"38,672",42,12,"3,568",32,475,265,20,3,"8,953",26,772,98,13,45,51,17,"33,261",91,18,"32,529",9,311,44,11,35,40,64,1,51,13,33,11,362,42,234,64,3,12,7,34,34